                  epoch,         train/box_loss,         train/cls_loss,         train/dfl_loss,   metrics/precision(B),      metrics/recall(B),       metrics/mAP50(B),    metrics/mAP50-95(B),           val/box_loss,           val/cls_loss,           val/dfl_loss,                 lr/pg0,                 lr/pg1,                 lr/pg2
                      1,                 5.5963,                 4.5628,                 4.1168,                      0,                      0,                      0,                      0,                 5.2054,                 4.1572,                 4.1344,                0.00042,                0.00042,                0.00042
                      2,                 4.6217,                 3.7219,                 3.7794,                      0,                      0,                      0,                      0,                 5.0831,                 4.0892,                 4.0469,              0.0005762,              0.0005762,              0.0005762
                      3,                 3.6393,                 3.1388,                 3.3232,                      0,                      0,                      0,                      0,                 5.0473,                 4.0835,                 4.0128,               0.000442,               0.000442,               0.000442
